timestamp,data
2026-04-03 15:55:05,co-a4-hc-1.2mm-4
2026-04-03 15:55:05,co-a4-hc-1mm-4
2026-04-03 15:55:25,co-a4-hc-1.4mm-4
2026-04-03 15:55:29,co-a4-hc-2mm-4
2026-04-06 11:03:35,HAZMAT,Corrosive
2026-04-06 11:03:41,HAZMAT,Poison
2026-04-06 11:03:51,HAZMAT,Flammable solid
2026-04-06 11:04:15,HAZMAT,Blasting agents
2026-04-06 11:04:16,HAZMAT,Fuel oil
2026-04-06 11:04:35,HAZMAT,Explosives
2026-04-06 11:04:56,HAZMAT,Non flammable gas
2026-04-06 11:13:36,HAZMAT,Radioactive
2026-04-06 11:22:34,HAZMAT,Explosives
2026-04-06 11:25:29,HAZMAT,Blasting agents
2026-04-06 11:25:40,HAZMAT,Inhalation hazard
2026-04-06 11:25:43,HAZMAT,Radioactive
2026-04-20 10:08:37,HAZMAT,Flammable solid
2026-04-20 10:08:37,HAZMAT,Inhalation hazard
2026-04-20 10:20:31,HAZMAT,Non flammable gas
2026-04-20 10:32:17,HAZMAT,Fuel oil
2026-04-20 10:32:17,HAZMAT,Flammable gas
2026-04-22 16:25:27,HAZMAT,Blasting agents
